Id,MSSubClass,MSZoning,LotFrontage,LotArea,Street,LotShape,LandContour,Utilities,LotConfig,LandSlope,Neighborhood,Condition1,Condition2,BldgType,HouseStyle,OverallQual,OverallCond,YearBuilt,YearRemodAdd,RoofStyle,RoofMatl,Exterior1st,Exterior2nd,MasVnrType,MasVnrArea,ExterQual,ExterCond,Foundation,BsmtQual,BsmtCond,BsmtExposure,BsmtFinType1,BsmtFinSF1,BsmtFinType2,BsmtFinSF2,BsmtUnfSF,TotalBsmtSF,Heating,HeatingQC,CentralAir,Electrical,1stFlrSF,2ndFlrSF,LowQualFinSF,GrLivArea,BsmtFullBath,BsmtHalfBath,FullBath,HalfBath,BedroomAbvGr,KitchenAbvGr,KitchenQual,TotRmsAbvGrd,Functional,Fireplaces,GarageType,GarageYrBlt,GarageFinish,GarageCars,GarageArea,GarageQual,GarageCond,PavedDrive,WoodDeckSF,OpenPorchSF,EnclosedPorch,3SsnPorch,ScreenPorch,PoolArea,MiscVal,MoSold,YrSold,SaleType,SaleCondition,SalePrice
1.0,0.011,-0.006,-0.01,-0.033,0.009,0.032,-0.02,0.013,0.05,0.006,-0.014,-0.004,0.002,0.022,0.018,-0.028,0.013,-0.013,-0.022,0.039,-0.023,-0.035,-0.043,0.049,-0.05,0.002,0.03,0.009,0.056,0.01,-0.029,0.009,-0.005,0.043,-0.006,-0.008,-0.015,0.042,0.002,0.01,0.038,0.01,0.006,-0.044,0.008,0.002,-0.02,0.006,0.007,0.038,0.003,-0.004,0.027,-0.001,-0.02,-0.003,0.009,-0.007,0.017,0.018,-0.007,-0.01,0.006,-0.03,-0.0,0.003,-0.047,0.001,0.057,-0.006,0.021,0.001,0.02,-0.006,-0.022
0.011,1.0,0.036,-0.357,-0.14,-0.025,0.119,-0.003,-0.023,0.076,-0.026,-0.006,-0.025,-0.042,0.746,0.397,0.033,-0.059,0.028,0.041,-0.118,-0.031,-0.089,-0.137,-0.028,0.023,-0.017,-0.003,0.058,-0.035,-0.008,-0.068,0.015,-0.07,0.042,-0.066,-0.141,-0.239,0.048,0.021,-0.102,0.052,-0.252,0.308,0.046,0.075,0.003,-0.002,0.132,0.177,-0.023,0.282,0.01,0.04,0.004,-0.046,0.105,0.079,-0.004,-0.04,-0.099,-0.007,0.003,-0.06,-0.013,-0.006,-0.012,-0.044,-0.026,0.008,-0.008,-0.014,-0.021,0.012,-0.025,-0.084
-0.006,0.036,1.0,-0.106,-0.034,0.088,0.062,-0.018,-0.001,-0.01,-0.022,-0.25,-0.028,0.045,0.006,-0.105,-0.16,0.187,-0.309,-0.175,-0.0,0.005,-0.009,0.007,-0.028,-0.067,0.201,-0.096,-0.235,0.125,-0.01,0.034,0.023,-0.049,-0.034,0.028,-0.047,-0.088,0.057,0.134,-0.05,-0.071,-0.056,-0.051,0.012,-0.083,-0.019,0.007,-0.198,-0.134,-0.016,0.049,0.129,-0.043,-0.096,-0.011,0.119,-0.25,0.152,-0.157,-0.189,-0.149,-0.081,-0.1,-0.009,-0.155,0.116,0.0,0.019,-0.003,0.009,-0.031,-0.021,0.097,0.009,-0.167
-0.01,-0.357,-0.106,1.0,0.307,-0.037,-0.145,-0.076,0.0,-0.181,0.068,0.085,-0.008,0.003,-0.409,0.032,0.234,-0.053,0.118,0.083,0.153,0.082,0.074,0.099,-0.022,0.179,-0.183,0.048,0.099,-0.163,0.054,-0.121,-0.02,0.216,-0.026,0.043,0.122,0.363,-0.021,-0.08,0.069,0.06,0.414,0.072,0.037,0.368,0.091,-0.006,0.18,0.048,0.237,-0.006,-0.189,0.32,0.03,0.236,-0.217,0.056,-0.187,0.27,0.324,0.058,0.043,0.089,0.077,0.137,0.01,0.062,0.038,0.181,0.001,0.01,0.007,-0.031,0.058,0.335
-0.033,-0.14,-0.034,0.307,1.0,-0.197,-0.165,-0.149,0.01,-0.121,0.437,0.045,0.024,0.022,-0.206,-0.033,0.106,-0.006,0.014,0.014,0.077,0.15,0.004,-0.004,-0.008,0.104,-0.057,0.015,-0.011,-0.062,0.015,-0.138,-0.058,0.214,-0.068,0.111,-0.003,0.261,0.028,0.004,0.05,0.044,0.299,0.051,0.005,0.263,0.158,0.048,0.126,0.014,0.12,-0.018,-0.057,0.19,-0.022,0.271,-0.126,-0.026,-0.101,0.155,0.18,0.023,0.03,0.015,0.172,0.085,-0.018,0.02,0.043,0.078,0.038,0.001,-0.014,0.012,0.034,0.264
0.009,-0.025,0.088,-0.037,-0.197,1.0,-0.01,0.116,0.002,0.014,-0.179,-0.012,-0.072,0.002,-0.018,0.024,0.059,0.043,0.021,0.065,-0.02,0.008,0.003,0.006,0.01,0.017,0.05,0.006,0.035,-0.03,-0.018,0.071,-0.015,-0.016,0.061,-0.038,0.035,0.005,0.008,-0.054,0.07,0.021,0.006,0.047,0.008,0.044,-0.051,0.015,0.046,0.028,0.029,0.014,-0.025,0.047,-0.016,-0.005,0.005,0.011,0.001,-0.02,-0.048,-0.015,-0.012,0.025,-0.018,-0.006,0.023,0.007,-0.033,0.004,-0.023,0.004,-0.025,0.014,0.006,0.041
0.032,0.119,0.062,-0.145,-0.165,-0.01,1.0,0.085,-0.036,0.221,-0.1,-0.039,-0.115,-0.044,0.116,-0.104,-0.19,0.014,-0.226,-0.154,0.003,-0.071,-0.02,-0.028,0.005,-0.106,0.149,-0.029,-0.135,0.153,-0.015,0.134,0.081,-0.134,0.025,-0.04,-0.022,-0.176,0.076,0.096,-0.115,-0.097,-0.173,-0.06,0.021,-0.175,-0.076,-0.027,-0.159,-0.111,-0.05,0.093,0.122,-0.119,-0.029,-0.194,0.174,-0.182,0.216,-0.184,-0.161,-0.098,-0.073,-0.114,-0.167,-0.075,0.078,-0.036,-0.053,-0.02,-0.042,-0.033,0.036,-0.001,-0.038,-0.256
-0.02,-0.003,-0.018,-0.076,-0.149,0.116,0.085,1.0,0.008,-0.026,-0.374,0.019,0.025,-0.016,0.051,0.075,0.029,-0.045,0.162,0.093,-0.004,-0.02,-0.012,-0.034,-0.077,0.049,-0.004,0.01,0.053,-0.001,0.023,0.044,-0.076,-0.018,-0.032,0.009,0.021,0.005,0.016,-0.066,0.105,0.083,-0.042,-0.034,-0.098,-0.069,0.01,0.019,0.05,0.03,-0.041,-0.039,0.031,-0.053,0.036,-0.052,-0.103,0.109,-0.075,0.046,0.048,0.011,0.001,0.141,-0.003,0.041,-0.059,-0.021,0.004,-0.013,0.021,-0.012,0.021,-0.026,0.034,0.015
0.013,-0.023,-0.001,0.0,0.01,0.002,-0.036,0.008,1.0,-0.033,-0.006,0.047,-0.001,-0.001,-0.011,0.054,-0.002,0.01,-0.012,-0.034,-0.013,-0.003,-0.03,-0.032,-0.032,0.063,0.017,0.01,-0.014,0.022,0.007,0.017,-0.01,-0.019,-0.02,0.05,-0.013,-0.014,-0.003,0.007,0.007,-0.092,0.012,-0.021,-0.003,-0.009,-0.021,0.103,-0.027,-0.02,0.004,-0.006,-0.011,0.008,0.007,0.016,-0.004,-0.022,-0.006,0.008,0.006,0.006,0.005,0.008,-0.02,0.028,-0.009,-0.003,0.102,-0.002,-0.002,-0.052,0.023,-0.127,-0.09,-0.014
0.05,0.076,-0.01,-0.181,-0.121,0.014,0.221,-0.026,-0.033,1.0,-0.007,-0.037,0.021,0.034,0.107,-0.033,-0.031,-0.031,0.014,-0.005,-0.01,-0.068,0.023,0.006,-0.0,-0.031,-0.003,0.035,-0.012,0.016,0.031,0.015,0.02,-0.024,-0.003,-0.01,-0.011,-0.04,-0.0,-0.01,-0.004,-0.025,-0.062,-0.052,-0.005,-0.089,-0.013,-0.01,-0.008,-0.026,-0.057,-0.003,-0.01,-0.049,-0.021,-0.061,0.004,0.015,0.009,-0.067,-0.064,0.035,0.041,-0.045,-0.036,-0.055,-0.07,-0.03,-0.005,-0.047,-0.018,0.019,-0.006,0.014,0.052,-0.067
0.006,-0.026,-0.022,0.068,0.437,-0.179,-0.1,-0.374,-0.006,-0.007,1.0,-0.08,-0.017,-0.026,-0.054,-0.032,-0.066,0.01,-0.074,-0.059,-0.028,0.179,-0.046,-0.033,0.036,-0.022,0.021,0.001,-0.028,0.01,-0.006,-0.164,-0.056,0.114,-0.064,0.086,-0.116,0.032,0.006,0.036,-0.011,-0.014,0.068,-0.009,0.014,0.044,0.116,0.07,-0.047,0.001,-0.048,-0.036,-0.003,-0.034,-0.107,0.124,0.01,-0.068,0.022,-0.003,0.005,0.019,-0.014,-0.025,0.095,-0.033,-0.009,0.009,0.053,-0.016,-0.004,0.007,-0.002,0.055,-0.043,0.051
-0.014,-0.006,-0.25,0.085,0.045,-0.012,-0.039,0.019,0.047,-0.037,-0.08,1.0,-0.025,0.022,0.006,0.049,0.197,-0.034,0.101,0.103,0.11,-0.007,-0.074,-0.089,0.081,0.119,-0.152,0.034,0.066,-0.149,0.032,0.054,-0.038,0.113,-0.031,0.041,0.015,0.148,-0.016,-0.038,0.049,0.08,0.165,0.029,0.033,0.148,0.063,-0.028,0.138,0.058,0.043,0.064,-0.129,0.107,0.038,0.057,-0.065,0.099,-0.043,0.194,0.214,-0.015,0.016,0.04,0.059,0.145,0.029,-0.024,0.014,-0.01,0.001,0.023,0.037,-0.037,0.022,0.211
-0.004,-0.025,-0.028,-0.008,0.024,-0.072,-0.115,0.025,-0.001,0.021,-0.017,-0.025,1.0,-0.074,-0.024,0.097,0.1,-0.032,0.158,0.137,0.003,0.01,0.013,0.004,0.003,0.022,-0.075,0.077,0.074,-0.104,0.007,-0.022,-0.027,0.031,-0.039,0.029,0.015,0.058,-0.023,-0.076,0.013,0.08,0.048,0.017,-0.052,0.045,0.027,-0.058,0.096,0.06,0.014,-0.076,-0.05,0.053,-0.015,0.006,-0.06,0.142,-0.123,0.104,0.075,0.082,0.037,0.106,0.045,0.086,-0.079,0.071,0.011,0.009,-0.011,-0.01,-0.01,-0.002,0.058,0.091
0.002,-0.042,0.045,0.003,0.022,0.002,-0.044,-0.016,-0.001,0.034,-0.026,0.022,-0.074,1.0,0.009,-0.027,0.015,0.014,0.029,0.008,0.041,-0.004,-0.005,-0.016,-0.005,0.038,-0.029,-0.021,-0.006,0.009,0.033,0.004,0.015,0.013,-0.013,0.054,0.017,0.051,-0.004,-0.017,-0.024,0.02,0.04,-0.0,-0.04,0.025,-0.001,-0.008,0.02,0.023,-0.014,0.029,-0.038,0.021,0.008,-0.014,0.042,-0.009,-0.004,0.024,0.055,-0.023,0.052,-0.007,0.012,0.035,0.013,-0.004,-0.009,-0.002,0.127,0.004,-0.021,0.005,0.045,0.008
0.022,0.746,0.006,-0.409,-0.206,-0.018,0.116,0.051,-0.011,0.107,-0.054,0.006,-0.024,0.009,1.0,0.067,0.05,-0.162,0.218,0.105,-0.054,-0.038,-0.112,-0.143,-0.027,0.043,-0.088,0.085,0.143,-0.106,0.031,-0.049,-0.056,0.007,0.024,-0.017,-0.051,-0.05,0.006,-0.01,0.018,0.074,-0.074,-0.084,-0.03,-0.127,0.052,-0.003,0.071,-0.008,-0.278,0.183,-0.025,-0.198,0.01,-0.09,-0.005,0.192,-0.06,0.007,-0.061,0.054,0.06,0.059,-0.013,-0.037,-0.115,-0.023,-0.028,-0.028,-0.01,-0.026,0.002,-0.04,-0.004,-0.086
0.018,0.397,-0.105,0.032,-0.033,0.024,-0.104,0.075,0.054,-0.033,-0.032,0.049,0.097,-0.027,0.067,1.0,0.218,-0.031,0.27,0.21,-0.033,0.045,-0.036,-0.071,-0.133,0.169,-0.093,0.068,0.186,-0.133,0.022,-0.191,-0.039,0.011,0.01,-0.028,-0.143,-0.143,-0.075,-0.07,0.075,0.172,-0.172,0.477,-0.083,0.261,0.037,0.042,0.238,0.415,0.185,-0.004,-0.083,0.246,0.052,0.102,-0.107,0.205,-0.201,0.197,0.155,0.05,0.015,0.116,0.088,0.136,-0.065,-0.027,-0.025,0.077,-0.041,0.026,-0.018,0.049,0.023,0.18
-0.028,0.033,-0.16,0.234,0.106,0.059,-0.19,0.029,-0.002,-0.031,-0.066,0.197,0.1,0.015,0.05,0.218,1.0,-0.092,0.572,0.551,0.168,0.075,0.161,0.152,-0.001,0.41,-0.634,0.139,0.396,-0.564,0.073,-0.226,0.055,0.24,0.084,-0.059,0.308,0.538,-0.113,-0.426,0.272,0.254,0.476,0.295,-0.03,0.593,0.111,-0.04,0.551,0.273,0.102,-0.184,-0.555,0.427,0.161,0.397,-0.346,0.498,-0.479,0.601,0.562,0.103,0.147,0.229,0.239,0.309,-0.114,0.03,0.065,0.065,-0.031,0.071,-0.027,-0.06,0.194,0.791
0.013,-0.059,0.187,-0.053,-0.006,0.043,0.014,-0.045,0.01,-0.031,0.01,-0.034,-0.032,0.014,-0.162,-0.031,-0.092,1.0,-0.376,0.074,-0.01,0.027,-0.041,-0.028,0.011,-0.128,0.169,-0.227,-0.294,0.245,0.015,0.085,-0.074,-0.046,-0.093,0.04,-0.137,-0.171,-0.091,0.052,0.119,0.063,-0.144,0.029,0.025,-0.08,-0.055,0.118,-0.194,-0.061,0.013,-0.087,0.068,-0.058,0.094,-0.024,0.156,-0.307,0.211,-0.186,-0.152,-0.086,-0.027,-0.062,-0.003,-0.033,0.07,0.026,0.055,-0.002,0.069,-0.004,0.044,0.095,0.018,-0.078
-0.013,0.028,-0.309,0.118,0.014,0.021,-0.226,0.162,-0.012,0.014,-0.074,0.101,0.158,0.029,0.218,0.27,0.572,-0.376,1.0,0.593,0.049,-0.021,0.097,0.076,-0.063,0.315,-0.494,0.269,0.635,-0.521,0.154,-0.296,-0.127,0.25,0.057,-0.049,0.149,0.391,-0.172,-0.399,0.382,0.338,0.282,0.01,-0.184,0.199,0.188,-0.038,0.468,0.243,-0.071,-0.175,-0.359,0.096,0.154,0.148,-0.473,0.76,-0.541,0.538,0.479,0.304,0.253,0.428,0.225,0.189,-0.387,0.031,-0.05,0.005,-0.034,0.012,-0.014,-0.052,0.201,0.523
-0.022,0.041,-0.175,0.083,0.014,0.065,-0.154,0.093,-0.034,-0.005,-0.059,0.103,0.137,0.008,0.105,0.21,0.551,0.074,0.593,1.0,0.028,-0.033,0.24,0.216,0.057,0.179,-0.482,0.076,0.439,-0.455,0.03,-0.207,0.01,0.128,0.075,-0.068,0.181,0.291,-0.157,-0.496,0.299,0.345,0.24,0.14,-0.062,0.287,0.119,-0.012,0.439,0.183,-0.041,-0.15,-0.452,0.192,0.08,0.113,-0.282,0.609,-0.434,0.421,0.372,0.144,0.162,0.168,0.206,0.226,-0.194,0.045,-0.039,0.006,-0.01,0.021,0.036,0.02,0.222,0.507
0.039,-0.118,-0.0,0.153,0.077,-0.02,0.003,-0.004,-0.013,-0.01,-0.028,0.11,0.003,0.041,-0.054,-0.033,0.168,-0.01,0.049,0.028,1.0,-0.011,-0.036,-0.066,-0.085,0.249,-0.193,0.026,0.023,-0.124,0.002,-0.013,-0.04,0.189,0.014,0.014,0.051,0.253,-0.038,-0.015,0.013,0.029,0.298,-0.073,-0.02,0.157,0.086,0.002,0.023,-0.014,0.023,0.004,-0.117,0.146,-0.018,0.123,-0.065,0.008,-0.115,0.132,0.142,0.044,-0.004,-0.005,0.079,0.006,-0.015,0.022,0.067,0.02,0.097,0.01,0.019,-0.033,0.066,0.222
-0.023,-0.031,0.005,0.082,0.15,0.008,-0.071,-0.02,-0.003,-0.068,0.179,-0.007,0.01,-0.004,-0.038,0.045,0.075,0.027,-0.021,-0.033,-0.011,1.0,-0.003,-0.013,-0.018,0.035,-0.017,-0.039,-0.028,-0.023,-0.019,-0.091,-0.025,0.043,-0.019,0.065,-0.004,0.065,0.0,0.061,0.015,0.012,0.15,0.012,0.066,0.127,0.051,0.075,0.006,0.034,-0.017,-0.032,-0.04,0.047,-0.026,0.086,-0.041,-0.036,-0.026,0.042,0.048,-0.03,-0.04,0.036,0.121,0.049,-0.029,-0.004,0.101,0.062,-0.011,0.035,-0.029,0.011,-0.045,0.132
-0.035,-0.089,-0.009,0.074,0.004,0.003,-0.02,-0.012,-0.03,0.023,-0.046,-0.074,0.013,-0.005,-0.112,-0.036,0.161,-0.041,0.097,0.24,-0.036,-0.003,1.0,0.854,0.028,0.024,-0.139,0.018,0.123,-0.156,-0.046,-0.057,0.167,-0.067,0.048,-0.055,0.135,0.046,-0.066,-0.247,0.031,0.032,0.005,0.07,0.04,0.066,-0.009,0.0,0.116,-0.006,-0.001,-0.089,-0.123,0.067,0.028,0.007,-0.012,0.171,-0.095,0.125,0.101,0.003,0.032,-0.056,0.046,0.08,-0.023,-0.037,-0.047,-0.001,-0.016,-0.005,-0.04,0.012,0.063,0.104
-0.043,-0.137,0.007,0.099,-0.004,0.006,-0.028,-0.034,-0.032,0.006,-0.033,-0.089,0.004,-0.016,-0.143,-0.071,0.152,-0.028,0.076,0.216,-0.066,-0.013,0.854,1.0,0.053,0.002,-0.114,0.032,0.117,-0.139,-0.045,-0.041,0.154,-0.08,0.033,-0.036,0.133,0.038,-0.033,-0.235,0.014,-0.02,0.017,0.063,0.027,0.068,-0.013,-0.047,0.114,-0.01,0.005,-0.055,-0.111,0.069,0.012,0.018,0.002,0.138,-0.071,0.124,0.095,-0.03,0.015,-0.042,0.029,0.076,-0.016,-0.018,-0.02,-0.018,-0.015,-0.018,-0.035,0.02,0.069,0.104
0.049,-0.028,-0.028,-0.022,-0.008,0.01,0.005,-0.077,-0.032,-0.0,0.036,0.081,0.003,-0.005,-0.027,-0.133,-0.001,0.011,-0.063,0.057,-0.085,-0.018,0.028,0.053,1.0,-0.346,-0.079,0.006,0.017,-0.107,-0.038,-0.027,0.07,-0.012,0.018,-0.023,0.027,0.006,0.025,-0.08,-0.076,-0.065,-0.015,-0.052,0.047,-0.05,0.015,-0.074,-0.025,-0.126,-0.087,0.017,-0.113,-0.024,-0.058,-0.046,0.128,0.005,0.039,-0.034,-0.011,-0.069,-0.062,-0.093,-0.041,0.02,0.045,-0.031,-0.03,0.008,0.004,0.003,0.063,-0.024,0.078,0.013
-0.05,0.023,-0.067,0.179,0.104,0.017,-0.106,0.049,0.063,-0.031,-0.022,0.119,0.022,0.038,0.043,0.169,0.41,-0.128,0.315,0.179,0.249,0.035,0.024,0.002,-0.346,1.0,-0.357,0.071,0.177,-0.306,0.064,-0.119,-0.062,0.264,0.05,-0.072,0.114,0.362,-0.049,-0.144,0.127,0.112,0.342,0.174,-0.069,0.39,0.085,0.027,0.276,0.201,0.102,-0.037,-0.259,0.28,0.086,0.248,-0.181,0.242,-0.248,0.364,0.373,0.114,0.072,0.145,0.159,0.125,-0.11,0.019,0.061,0.012,-0.03,-0.006,-0.008,-0.056,0.088,0.475
0.002,-0.017,0.201,-0.183,-0.057,0.05,0.149,-0.004,0.017,-0.003,0.021,-0.152,-0.075,-0.029,-0.088,-0.093,-0.634,0.169,-0.494,-0.482,-0.193,-0.017,-0.139,-0.114,-0.079,-0.357,1.0,-0.058,-0.414,0.577,0.013,0.223,-0.044,-0.195,-0.07,0.069,-0.267,-0.446,0.055,0.432,-0.087,-0.156,-0.384,-0.151,0.001,-0.408,-0.101,0.057,-0.413,-0.159,0.043,0.104,0.642,-0.289,-0.049,-0.222,0.232,-0.5,0.433,-0.45,-0.444,-0.092,-0.104,-0.107,-0.181,-0.268,0.12,-0.035,-0.015,-0.034,0.01,-0.025,-0.036,0.087,-0.189,-0.637
0.03,-0.003,-0.096,0.048,0.015,0.006,-0.029,0.01,0.01,0.035,0.001,0.034,0.077,-0.021,0.085,0.068,0.139,-0.227,0.269,0.076,0.026,-0.039,0.018,0.032,0.006,0.071,-0.058,1.0,0.156,-0.133,0.213,-0.057,0.001,0.041,0.012,-0.019,0.083,0.119,-0.031,-0.04,0.101,0.015,0.066,0.001,-0.074,0.042,0.012,-0.061,0.091,0.099,-0.025,-0.008,-0.042,0.031,0.04,0.044,-0.099,0.163,-0.124,0.18,0.138,0.008,0.022,0.143,0.022,-0.007,-0.066,0.011,-0.017,-0.033,-0.075,0.019,-0.034,0.009,0.054,0.117
0.009,0.058,-0.235,0.099,-0.011,0.035,-0.135,0.053,-0.014,-0.012,-0.028,0.066,0.074,-0.006,0.143,0.186,0.396,-0.294,0.635,0.439,0.023,-0.028,0.123,0.117,0.017,0.177,-0.414,0.156,1.0,-0.426,0.066,-0.199,-0.012,0.099,0.107,-0.094,0.098,0.167,-0.039,-0.349,0.168,0.19,0.192,0.109,-0.09,0.223,0.063,-0.065,0.385,0.14,-0.008,-0.008,-0.319,0.15,0.106,0.069,-0.312,0.556,-0.384,0.382,0.333,0.235,0.173,0.186,0.141,0.158,-0.207,0.05,-0.067,-0.001,-0.005,-0.002,0.009,0.016,0.14,0.382
0.056,-0.035,0.125,-0.163,-0.062,-0.03,0.153,-0.001,0.022,0.016,0.01,-0.149,-0.104,0.009,-0.106,-0.133,-0.564,0.245,-0.521,-0.455,-0.124,-0.023,-0.156,-0.139,-0.107,-0.306,0.577,-0.133,-0.426,1.0,0.009,0.272,-0.054,-0.229,-0.108,0.097,-0.165,-0.369,0.057,0.378,-0.11,-0.138,-0.347,-0.11,0.075,-0.339,-0.14,0.044,-0.412,-0.134,0.098,0.102,0.501,-0.225,-0.052,-0.189,0.232,-0.495,0.436,-0.468,-0.43,-0.06,-0.054,-0.12,-0.218,-0.23,0.154,-0.022,0.003,-0.027,0.024,-0.002,0.017,0.062,-0.183,-0.592
0.01,-0.008,-0.01,0.054,0.015,-0.018,-0.015,0.023,0.007,0.031,-0.006,0.032,0.007,0.033,0.031,0.022,0.073,0.015,0.154,0.03,0.002,-0.019,-0.046,-0.045,-0.038,0.064,0.013,0.213,0.066,0.009,1.0,-0.037,-0.101,0.08,0.03,-0.015,-0.011,0.066,-0.09,-0.036,0.178,0.125,0.041,-0.04,-0.074,-0.01,0.047,-0.056,0.022,0.063,-0.022,-0.009,0.007,-0.014,0.055,0.029,-0.097,0.085,-0.068,0.066,0.07,0.037,0.139,0.145,0.011,0.011,-0.057,0.033,0.018,0.02,0.008,-0.008,0.074,0.027,0.019,0.067
-0.029,-0.068,0.034,-0.121,-0.138,0.071,0.134,0.044,0.017,0.015,-0.164,0.054,-0.022,0.004,-0.049,-0.191,-0.226,0.085,-0.296,-0.207,-0.013,-0.091,-0.057,-0.041,-0.027,-0.119,0.223,-0.057,-0.199,0.272,-0.037,1.0,0.156,-0.257,0.057,-0.051,0.044,-0.242,0.056,0.123,-0.079,-0.125,-0.231,0.124,0.061,-0.061,-0.261,-0.052,-0.091,0.068,0.125,0.059,0.208,-0.002,-0.067,-0.102,0.201,-0.253,0.218,-0.224,-0.223,-0.081,-0.054,-0.082,-0.202,-0.053,0.107,0.016,-0.004,-0.054,0.003,-0.018,0.055,-0.003,-0.073,-0.282
0.009,0.015,0.023,-0.02,-0.058,-0.015,0.081,-0.076,-0.01,0.02,-0.056,-0.038,-0.027,0.015,-0.056,-0.039,0.055,-0.074,-0.127,0.01,-0.04,-0.025,0.167,0.154,0.07,-0.062,-0.044,0.001,-0.012,-0.054,-0.101,0.156,1.0,-0.541,0.147,-0.137,0.503,-0.107,0.036,-0.087,-0.132,-0.121,-0.112,0.191,0.078,0.084,-0.453,-0.106,0.094,0.037,0.108,0.081,-0.036,0.135,-0.011,-0.092,0.158,-0.032,0.035,-0.02,-0.049,-0.125,-0.098,-0.223,-0.101,0.011,0.103,-0.043,-0.026,-0.034,-0.046,0.033,-0.043,-0.058,0.014,-0.062
-0.005,-0.07,-0.049,0.216,0.214,-0.016,-0.134,-0.018,-0.019,-0.024,0.114,0.113,0.031,0.013,0.007,0.011,0.24,-0.046,0.25,0.128,0.189,0.043,-0.067,-0.08,-0.012,0.264,-0.195,0.041,0.099,-0.229,0.08,-0.257,-0.541,1.0,0.019,-0.05,-0.495,0.522,-0.069,-0.054,0.166,0.152,0.446,-0.137,-0.065,0.208,0.649,0.067,0.059,0.004,-0.107,-0.081,-0.191,0.044,0.044,0.26,-0.258,0.154,-0.229,0.224,0.297,0.129,0.101,0.19,0.204,0.112,-0.102,0.026,0.062,0.14,0.004,-0.016,0.014,0.006,0.033,0.386
0.043,0.042,-0.034,-0.026,-0.068,0.061,0.025,-0.032,-0.02,-0.003,-0.064,-0.031,-0.039,-0.013,0.024,0.01,0.084,-0.093,0.057,0.075,0.014,-0.019,0.048,0.033,0.018,0.05,-0.07,0.012,0.107,-0.108,0.03,0.057,0.147,0.019,1.0,-0.737,0.212,-0.037,0.031,-0.094,-0.058,-0.019,-0.032,0.072,-0.033,0.034,-0.141,-0.089,0.088,0.056,0.003,0.042,-0.067,0.034,0.108,-0.022,0.02,0.076,-0.039,0.038,0.005,-0.038,0.005,-0.069,-0.07,0.035,-0.045,0.011,-0.034,-0.04,-0.008,0.032,-0.033,-0.016,0.035,0.037
-0.006,-0.066,0.028,0.043,0.111,-0.038,-0.04,0.009,0.05,-0.01,0.086,0.041,0.029,0.054,-0.017,-0.028,-0.059,0.04,-0.049,-0.068,0.014,0.065,-0.055,-0.036,-0.023,-0.072,0.069,-0.019,-0.094,0.097,-0.015,-0.051,-0.137,-0.05,-0.737,1.0,-0.209,0.105,-0.009,0.096,0.04,0.014,0.097,-0.099,0.015,-0.01,0.159,0.071,-0.076,-0.032,-0.016,-0.041,0.062,-0.035,-0.102,0.047,-0.039,-0.083,0.034,-0.038,-0.018,0.049,0.005,0.064,0.068,0.003,0.037,-0.03,0.089,0.042,0.005,-0.015,0.032,-0.03,-0.059,-0.011
-0.008,-0.141,-0.047,0.122,-0.003,0.035,-0.022,0.021,-0.013,-0.011,-0.116,0.015,0.015,0.017,-0.051,-0.143,0.308,-0.137,0.149,0.181,0.051,-0.004,0.135,0.133,0.027,0.114,-0.267,0.083,0.098,-0.165,-0.011,0.044,0.503,-0.495,0.212,-0.209,1.0,0.415,-0.051,-0.209,0.02,-0.001,0.318,0.004,0.028,0.24,-0.423,-0.096,0.289,-0.041,0.167,0.03,-0.205,0.251,0.047,0.052,-0.072,0.18,-0.113,0.214,0.183,-0.053,-0.002,-0.01,-0.005,0.129,-0.003,0.021,-0.013,-0.035,-0.024,0.035,-0.041,-0.089,0.098,0.214
-0.015,-0.239,-0.088,0.363,0.261,0.005,-0.176,0.005,-0.014,-0.04,0.032,0.148,0.058,0.051,-0.05,-0.143,0.538,-0.171,0.391,0.291,0.253,0.065,0.046,0.038,0.006,0.362,-0.446,0.119,0.167,-0.369,0.066,-0.242,-0.107,0.522,-0.037,0.105,0.415,1.0,-0.126,-0.231,0.208,0.162,0.82,-0.175,-0.033,0.455,0.307,-0.0,0.324,-0.049,0.05,-0.069,-0.382,0.286,0.056,0.34,-0.355,0.31,-0.34,0.435,0.487,0.098,0.105,0.21,0.232,0.247,-0.095,0.037,0.084,0.126,-0.018,0.013,-0.015,-0.095,0.111,0.614
0.042,0.048,0.057,-0.021,0.028,0.008,0.076,0.016,-0.003,-0.0,0.006,-0.016,-0.023,-0.004,0.006,-0.075,-0.113,-0.091,-0.172,-0.157,-0.038,0.0,-0.066,-0.033,0.025,-0.049,0.055,-0.031,-0.039,0.057,-0.09,0.056,0.036,-0.069,0.031,-0.009,-0.051,-0.126,1.0,0.018,-0.41,-0.197,-0.047,0.02,0.015,-0.017,-0.061,-0.01,-0.004,-0.052,-0.017,0.122,0.017,-0.001,-0.049,-0.052,0.138,-0.135,0.107,-0.07,-0.094,-0.092,-0.075,-0.142,-0.076,-0.025,0.074,-0.014,0.0,-0.008,-0.005,-0.014,0.012,0.012,0.007,-0.099
0.002,0.021,0.134,-0.08,0.004,-0.054,0.096,-0.066,0.007,-0.01,0.036,-0.038,-0.076,-0.017,-0.01,-0.07,-0.426,0.052,-0.399,-0.496,-0.015,0.061,-0.247,-0.235,-0.08,-0.144,0.432,-0.04,-0.349,0.378,-0.036,0.123,-0.087,-0.054,-0.094,0.096,-0.209,-0.231,0.018,1.0,-0.164,-0.143,-0.166,-0.142,0.023,-0.238,-0.061,0.038,-0.317,-0.1,0.047,0.156,0.388,-0.159,-0.071,-0.123,0.182,-0.4,0.362,-0.303,-0.258,-0.023,-0.048,-0.099,-0.107,-0.175,0.094,-0.054,0.056,0.028,0.019,-0.002,0.009,-0.017,-0.17,-0.4
0.01,-0.102,-0.05,0.069,0.05,0.07,-0.115,0.105,0.007,-0.004,-0.011,0.049,0.013,-0.024,0.018,0.075,0.272,0.119,0.382,0.299,0.013,0.015,0.031,0.014,-0.076,0.127,-0.087,0.101,0.168,-0.11,0.178,-0.079,-0.132,0.166,-0.058,0.04,0.02,0.208,-0.41,-0.164,1.0,0.311,0.147,-0.012,-0.05,0.094,0.115,0.04,0.109,0.135,0.008,-0.247,-0.049,0.035,0.069,0.186,-0.233,0.283,-0.201,0.234,0.231,0.173,0.228,0.338,0.146,0.026,-0.157,0.031,0.051,0.018,-0.002,0.01,-0.009,-0.004,0.071,0.251
0.038,0.052,-0.071,0.06,0.044,0.021,-0.097,0.083,-0.092,-0.025,-0.014,0.08,0.08,0.02,0.074,0.172,0.254,0.063,0.338,0.345,0.029,0.012,0.032,-0.02,-0.065,0.112,-0.156,0.015,0.19,-0.138,0.125,-0.125,-0.121,0.152,-0.019,0.014,-0.001,0.162,-0.197,-0.143,0.311,1.0,0.12,0.051,-0.044,0.127,0.124,0.021,0.211,0.133,0.047,-0.131,-0.084,0.082,0.048,0.122,-0.19,0.307,-0.216,0.243,0.231,0.108,0.136,0.213,0.153,0.091,-0.14,0.006,0.005,0.021,0.023,-0.009,0.035,0.009,0.102,0.235
0.01,-0.252,-0.056,0.414,0.299,0.006,-0.173,-0.042,0.012,-0.062,0.068,0.165,0.048,0.04,-0.074,-0.172,0.476,-0.144,0.282,0.24,0.298,0.15,0.005,0.017,-0.015,0.342,-0.384,0.066,0.192,-0.347,0.041,-0.231,-0.112,0.446,-0.032,0.097,0.318,0.82,-0.047,-0.166,0.147,0.12,1.0,-0.203,-0.014,0.566,0.245,0.002,0.381,-0.12,0.127,0.068,-0.357,0.41,-0.083,0.411,-0.341,0.217,-0.293,0.439,0.49,0.091,0.102,0.163,0.235,0.212,-0.065,0.056,0.089,0.132,-0.021,0.031,-0.014,-0.118,0.076,0.606
0.006,0.308,-0.051,0.072,0.051,0.047,-0.06,-0.034,-0.021,-0.052,-0.009,0.029,0.017,-0.0,-0.084,0.477,0.295,0.029,0.01,0.14,-0.073,0.012,0.07,0.063,-0.052,0.174,-0.151,0.001,0.109,-0.11,-0.04,0.124,0.191,-0.137,0.072,-0.099,0.004,-0.175,0.02,-0.142,-0.012,0.051,-0.203,1.0,0.063,0.688,-0.169,-0.024,0.421,0.61,0.503,0.059,-0.142,0.616,0.017,0.195,0.077,0.063,-0.123,0.184,0.138,-0.049,-0.012,-0.041,0.092,0.208,0.062,-0.024,0.041,0.081,0.016,0.035,-0.029,0.053,0.038,0.319
-0.044,0.046,0.012,0.037,0.005,0.008,0.021,-0.098,-0.003,-0.005,0.014,0.033,-0.052,-0.04,-0.03,-0.083,-0.03,0.025,-0.184,-0.062,-0.02,0.066,0.04,0.027,0.047,-0.069,0.001,-0.074,-0.09,0.075,-0.074,0.061,0.078,-0.065,-0.033,0.015,0.028,-0.033,0.015,0.023,-0.05,-0.044,-0.014,0.063,1.0,0.135,-0.047,-0.006,-0.001,-0.027,0.106,0.008,-0.011,0.131,-0.073,-0.021,0.134,-0.015,0.043,-0.094,-0.068,-0.034,-0.015,-0.066,-0.025,0.018,0.061,-0.004,0.027,0.062,-0.004,-0.022,-0.029,0.014,-0.071,-0.026
0.008,0.075,-0.083,0.368,0.263,0.044,-0.175,-0.069,-0.009,-0.089,0.044,0.148,0.045,0.025,-0.127,0.261,0.593,-0.08,0.199,0.287,0.157,0.127,0.066,0.068,-0.05,0.39,-0.408,0.042,0.223,-0.339,-0.01,-0.061,0.084,0.208,0.034,-0.01,0.24,0.455,-0.017,-0.238,0.094,0.127,0.566,0.688,0.135,1.0,0.035,-0.019,0.63,0.416,0.521,0.1,-0.382,0.825,-0.054,0.462,-0.175,0.211,-0.313,0.467,0.469,0.023,0.064,0.08,0.247,0.33,0.009,0.021,0.102,0.17,-0.002,0.05,-0.037,-0.041,0.081,0.709
0.002,0.003,-0.019,0.091,0.158,-0.051,-0.076,0.01,-0.021,-0.013,0.116,0.063,0.027,-0.001,0.052,0.037,0.111,-0.055,0.188,0.119,0.086,0.051,-0.009,-0.013,0.015,0.085,-0.101,0.012,0.063,-0.14,0.047,-0.261,-0.453,0.649,-0.141,0.159,-0.423,0.307,-0.061,-0.061,0.115,0.124,0.245,-0.169,-0.047,0.035,1.0,-0.148,-0.065,-0.031,-0.151,-0.042,-0.121,-0.053,0.022,0.138,-0.179,0.13,-0.162,0.132,0.179,0.084,0.065,0.115,0.175,0.067,-0.05,-0.0,0.023,0.068,-0.023,-0.025,0.067,0.029,0.011,0.227
-0.02,-0.002,0.007,-0.006,0.048,0.015,-0.027,0.019,0.103,-0.01,0.07,-0.028,-0.058,-0.008,-0.003,0.042,-0.04,0.118,-0.038,-0.012,0.002,0.075,0.0,-0.047,-0.074,0.027,0.057,-0.061,-0.065,0.044,-0.056,-0.052,-0.106,0.067,-0.089,0.071,-0.096,-0.0,-0.01,0.038,0.04,0.021,0.002,-0.024,-0.006,-0.019,-0.148,1.0,-0.055,-0.012,0.047,-0.038,0.033,-0.024,-0.017,0.029,-0.027,-0.078,0.041,-0.021,-0.025,0.041,0.03,0.041,0.04,-0.025,-0.009,0.035,0.032,0.02,-0.007,0.033,-0.047,0.002,-0.059,-0.017
0.006,0.132,-0.198,0.18,0.126,0.046,-0.159,0.05,-0.027,-0.008,-0.047,0.138,0.096,0.02,0.071,0.238,0.551,-0.194,0.468,0.439,0.023,0.006,0.116,0.114,-0.025,0.276,-0.413,0.091,0.385,-0.412,0.022,-0.091,0.094,0.059,0.088,-0.076,0.289,0.324,-0.004,-0.317,0.109,0.211,0.381,0.421,-0.001,0.63,-0.065,-0.055,1.0,0.136,0.363,0.133,-0.338,0.555,0.024,0.244,-0.268,0.449,-0.392,0.47,0.406,0.099,0.117,0.129,0.188,0.26,-0.115,0.035,-0.008,0.05,-0.014,0.056,-0.02,-0.035,0.144,0.561
0.007,0.177,-0.134,0.048,0.014,0.028,-0.111,0.03,-0.02,-0.026,0.001,0.058,0.06,0.023,-0.008,0.415,0.273,-0.061,0.243,0.183,-0.014,0.034,-0.006,-0.01,-0.126,0.201,-0.159,0.099,0.14,-0.134,0.063,0.068,0.037,0.004,0.056,-0.032,-0.041,-0.049,-0.052,-0.1,0.135,0.133,-0.12,0.61,-0.027,0.416,-0.031,-0.012,0.136,1.0,0.227,-0.068,-0.138,0.343,0.075,0.204,-0.1,0.182,-0.21,0.219,0.164,0.026,0.075,0.108,0.108,0.2,-0.095,-0.005,0.072,0.022,0.001,-0.009,-0.01,0.032,0.072,0.284
0.038,-0.023,-0.016,0.237,0.12,0.029,-0.05,-0.041,0.004,-0.057,-0.048,0.043,0.014,-0.014,-0.278,0.185,0.102,0.013,-0.071,-0.041,0.023,-0.017,-0.001,0.005,-0.087,0.102,0.043,-0.025,-0.008,0.098,-0.022,0.125,0.108,-0.107,0.003,-0.016,0.167,0.05,-0.017,0.047,0.008,0.047,0.127,0.503,0.106,0.521,-0.151,0.047,0.363,0.227,1.0,0.199,0.038,0.677,-0.015,0.108,-0.01,-0.066,0.01,0.086,0.065,0.006,-0.001,-0.032,0.047,0.094,0.042,-0.024,0.044,0.071,0.008,0.047,-0.036,0.034,-0.017,0.168
0.003,0.282,0.049,-0.006,-0.018,0.014,0.093,-0.039,-0.006,-0.003,-0.036,0.064,-0.076,0.029,0.183,-0.004,-0.184,-0.087,-0.175,-0.15,0.004,-0.032,-0.089,-0.055,0.017,-0.037,0.104,-0.008,-0.008,0.102,-0.009,0.059,0.081,-0.081,0.042,-0.041,0.03,-0.069,0.122,0.156,-0.247,-0.131,0.068,0.059,0.008,0.1,-0.042,-0.038,0.133,-0.068,0.199,1.0,0.12,0.256,-0.025,-0.124,0.145,-0.115,0.155,-0.051,-0.064,-0.092,-0.061,-0.171,-0.09,-0.07,0.037,-0.025,-0.052,-0.015,0.062,0.027,0.032,-0.01,-0.066,-0.136
-0.004,0.01,0.129,-0.189,-0.057,-0.025,0.122,0.031,-0.011,-0.01,-0.003,-0.129,-0.05,-0.038,-0.025,-0.083,-0.555,0.068,-0.359,-0.452,-0.117,-0.04,-0.123,-0.111,-0.113,-0.259,0.642,-0.042,-0.319,0.501,0.007,0.208,-0.036,-0.191,-0.067,0.062,-0.205,-0.382,0.017,0.388,-0.049,-0.084,-0.357,-0.142,-0.011,-0.382,-0.121,0.033,-0.338,-0.138,0.038,0.12,1.0,-0.264,-0.07,-0.228,0.17,-0.379,0.369,-0.365,-0.365,-0.013,-0.074,-0.051,-0.16,-0.222,0.071,-0.011,-0.027,-0.059,0.037,-0.038,-0.01,0.039,-0.134,-0.589
0.027,0.04,-0.043,0.32,0.19,0.047,-0.119,-0.053,0.008,-0.049,-0.034,0.107,0.053,0.021,-0.198,0.246,0.427,-0.058,0.096,0.192,0.146,0.047,0.067,0.069,-0.024,0.28,-0.289,0.031,0.15,-0.225,-0.014,-0.002,0.135,0.044,0.034,-0.035,0.251,0.286,-0.001,-0.159,0.035,0.082,0.41,0.616,0.131,0.825,-0.053,-0.024,0.555,0.343,0.677,0.256,-0.264,1.0,-0.045,0.326,-0.097,0.135,-0.224,0.362,0.338,0.001,0.018,-0.004,0.166,0.234,0.004,-0.007,0.059,0.084,0.025,0.037,-0.035,-0.041,0.071,0.534
-0.001,0.004,-0.096,0.03,-0.022,-0.016,-0.029,0.036,0.007,-0.021,-0.107,0.038,-0.015,0.008,0.01,0.052,0.161,0.094,0.154,0.08,-0.018,-0.026,0.028,0.012,-0.058,0.086,-0.049,0.04,0.106,-0.052,0.055,-0.067,-0.011,0.044,0.108,-0.102,0.047,0.056,-0.049,-0.071,0.069,0.048,-0.083,0.017,-0.073,-0.054,0.022,-0.017,0.024,0.075,-0.015,-0.025,-0.07,-0.045,1.0,-0.025,-0.093,0.126,-0.103,0.087,0.076,0.025,0.018,0.047,-0.013,0.067,-0.044,0.02,-0.012,0.018,-0.02,0.032,-0.016,-0.008,0.023,0.115
-0.02,-0.046,-0.011,0.236,0.271,-0.005,-0.194,-0.052,0.016,-0.061,0.124,0.057,0.006,-0.014,-0.09,0.102,0.397,-0.024,0.148,0.113,0.123,0.086,0.007,0.018,-0.046,0.248,-0.222,0.044,0.069,-0.189,0.029,-0.102,-0.092,0.26,-0.022,0.047,0.052,0.34,-0.052,-0.123,0.186,0.122,0.411,0.195,-0.021,0.462,0.138,0.029,0.244,0.204,0.108,-0.124,-0.228,0.326,-0.025,1.0,-0.253,0.041,-0.268,0.301,0.269,0.05,0.098,0.141,0.2,0.169,-0.025,0.011,0.185,0.095,0.001,0.046,-0.024,0.014,0.106,0.467
-0.003,0.105,0.119,-0.217,-0.126,0.005,0.174,-0.103,-0.004,0.004,0.01,-0.065,-0.06,0.042,-0.005,-0.107,-0.346,0.156,-0.473,-0.282,-0.065,-0.041,-0.012,0.002,0.128,-0.181,0.232,-0.099,-0.312,0.232,-0.097,0.201,0.158,-0.258,0.02,-0.039,-0.072,-0.355,0.138,0.182,-0.233,-0.19,-0.341,0.077,0.134,-0.175,-0.179,-0.027,-0.268,-0.1,-0.01,0.145,0.17,-0.097,-0.093,-0.253,1.0,-0.359,0.482,-0.227,-0.206,-0.213,-0.206,-0.235,-0.209,-0.132,0.18,-0.056,-0.037,-0.03,-0.011,0.001,0.008,0.031,-0.101,-0.34
0.009,0.079,-0.25,0.056,-0.026,0.011,-0.182,0.109,-0.022,0.015,-0.068,0.099,0.142,-0.009,0.192,0.205,0.498,-0.307,0.76,0.609,0.008,-0.036,0.171,0.138,0.005,0.242,-0.5,0.163,0.556,-0.495,0.085,-0.253,-0.032,0.154,0.076,-0.083,0.18,0.31,-0.135,-0.4,0.283,0.307,0.217,0.063,-0.015,0.211,0.13,-0.078,0.449,0.182,-0.066,-0.115,-0.379,0.135,0.126,0.041,-0.359,1.0,-0.532,0.463,0.457,0.316,0.255,0.243,0.208,0.195,-0.283,0.023,-0.073,-0.014,-0.028,-0.0,-0.011,-0.042,0.198,0.455
-0.007,-0.004,0.152,-0.187,-0.101,0.001,0.216,-0.075,-0.006,0.009,0.022,-0.043,-0.123,-0.004,-0.06,-0.201,-0.479,0.211,-0.541,-0.434,-0.115,-0.026,-0.095,-0.071,0.039,-0.248,0.433,-0.124,-0.384,0.436,-0.068,0.218,0.035,-0.229,-0.039,0.034,-0.113,-0.34,0.107,0.362,-0.201,-0.216,-0.293,-0.123,0.043,-0.313,-0.162,0.041,-0.392,-0.21,0.01,0.155,0.369,-0.224,-0.103,-0.268,0.482,-0.532,1.0,-0.347,-0.296,-0.174,-0.141,-0.171,-0.223,-0.199,0.175,-0.024,-0.012,-0.023,-0.0,0.012,-0.002,0.038,-0.144,-0.487
0.017,-0.04,-0.157,0.27,0.155,-0.02,-0.184,0.046,0.008,-0.067,-0.003,0.194,0.104,0.024,0.007,0.197,0.601,-0.186,0.538,0.421,0.132,0.042,0.125,0.124,-0.034,0.364,-0.45,0.18,0.382,-0.468,0.066,-0.224,-0.02,0.224,0.038,-0.038,0.214,0.435,-0.07,-0.303,0.234,0.243,0.439,0.184,-0.094,0.467,0.132,-0.021,0.47,0.219,0.086,-0.051,-0.365,0.362,0.087,0.301,-0.227,0.463,-0.347,1.0,0.882,0.139,0.098,0.285,0.226,0.214,-0.151,0.036,0.05,0.021,-0.043,0.041,-0.039,-0.068,0.185,0.64
0.018,-0.099,-0.189,0.324,0.18,-0.048,-0.161,0.048,0.006,-0.064,0.005,0.214,0.075,0.055,-0.061,0.155,0.562,-0.152,0.479,0.372,0.142,0.048,0.101,0.095,-0.011,0.373,-0.444,0.138,0.333,-0.43,0.07,-0.223,-0.049,0.297,0.005,-0.018,0.183,0.487,-0.094,-0.258,0.231,0.231,0.49,0.138,-0.068,0.469,0.179,-0.025,0.406,0.164,0.065,-0.064,-0.365,0.338,0.076,0.269,-0.206,0.457,-0.296,0.882,1.0,0.143,0.105,0.285,0.225,0.241,-0.122,0.035,0.051,0.061,-0.027,0.028,-0.027,-0.091,0.181,0.623
-0.007,-0.007,-0.149,0.058,0.023,-0.015,-0.098,0.011,0.006,0.035,0.019,-0.015,0.082,-0.023,0.054,0.05,0.103,-0.086,0.304,0.144,0.044,-0.03,0.003,-0.03,-0.069,0.114,-0.092,0.008,0.235,-0.06,0.037,-0.081,-0.125,0.129,-0.038,0.049,-0.053,0.098,-0.092,-0.023,0.173,0.108,0.091,-0.049,-0.034,0.023,0.084,0.041,0.099,0.026,0.006,-0.092,-0.013,0.001,0.025,0.05,-0.213,0.316,-0.174,0.139,0.143,1.0,0.501,0.19,0.052,0.01,-0.11,-0.011,-0.035,-0.025,-0.003,0.019,0.04,-0.034,0.052,0.112
-0.01,0.003,-0.081,0.043,0.03,-0.012,-0.073,0.001,0.005,0.041,-0.014,0.016,0.037,0.052,0.06,0.015,0.147,-0.027,0.253,0.162,-0.004,-0.04,0.032,0.015,-0.062,0.072,-0.104,0.022,0.173,-0.054,0.139,-0.054,-0.098,0.101,0.005,0.005,-0.002,0.105,-0.075,-0.048,0.228,0.136,0.102,-0.012,-0.015,0.064,0.065,0.03,0.117,0.075,-0.001,-0.061,-0.074,0.018,0.018,0.098,-0.206,0.255,-0.141,0.098,0.105,0.501,1.0,0.197,0.078,0.061,-0.113,0.003,0.047,-0.035,0.005,0.006,0.027,-0.019,0.016,0.141
0.006,-0.06,-0.1,0.089,0.015,0.025,-0.114,0.141,0.008,-0.045,-0.025,0.04,0.106,-0.007,0.059,0.116,0.229,-0.062,0.428,0.168,-0.005,0.036,-0.056,-0.042,-0.093,0.145,-0.107,0.143,0.186,-0.12,0.145,-0.082,-0.223,0.19,-0.069,0.064,-0.01,0.21,-0.142,-0.099,0.338,0.213,0.163,-0.041,-0.066,0.08,0.115,0.041,0.129,0.108,-0.032,-0.171,-0.051,-0.004,0.047,0.141,-0.235,0.243,-0.171,0.285,0.285,0.19,0.197,1.0,0.115,0.028,-0.202,0.021,0.051,0.02,-0.045,0.017,0.007,-0.039,0.071,0.231
-0.03,-0.013,-0.009,0.077,0.172,-0.018,-0.167,-0.003,-0.02,-0.036,0.095,0.059,0.045,0.012,-0.013,0.088,0.239,-0.003,0.225,0.206,0.079,0.121,0.046,0.029,-0.041,0.159,-0.181,0.022,0.141,-0.218,0.011,-0.202,-0.101,0.204,-0.07,0.068,-0.005,0.232,-0.076,-0.107,0.146,0.153,0.235,0.092,-0.025,0.247,0.175,0.04,0.188,0.108,0.047,-0.09,-0.16,0.166,-0.013,0.2,-0.209,0.208,-0.223,0.226,0.225,0.052,0.078,0.115,1.0,0.059,-0.126,-0.033,-0.074,0.073,-0.01,0.021,0.022,0.058,0.059,0.324
-0.0,-0.006,-0.155,0.137,0.085,-0.006,-0.075,0.041,0.028,-0.055,-0.033,0.145,0.086,0.035,-0.037,0.136,0.309,-0.033,0.189,0.226,0.006,0.049,0.08,0.076,0.02,0.125,-0.268,-0.007,0.158,-0.23,0.011,-0.053,0.011,0.112,0.035,0.003,0.129,0.247,-0.025,-0.175,0.026,0.091,0.212,0.208,0.018,0.33,0.067,-0.025,0.26,0.2,0.094,-0.07,-0.222,0.234,0.067,0.169,-0.132,0.195,-0.199,0.214,0.241,0.01,0.061,0.028,0.059,1.0,-0.093,-0.006,0.074,0.061,-0.019,0.071,-0.058,-0.014,0.062,0.316
0.003,-0.012,0.116,0.01,-0.018,0.023,0.078,-0.059,-0.009,-0.07,-0.009,0.029,-0.079,0.013,-0.115,-0.065,-0.114,0.07,-0.387,-0.194,-0.015,-0.029,-0.023,-0.016,0.045,-0.11,0.12,-0.066,-0.207,0.154,-0.057,0.107,0.103,-0.102,-0.045,0.037,-0.003,-0.095,0.074,0.094,-0.157,-0.14,-0.065,0.062,0.061,0.009,-0.05,-0.009,-0.115,-0.095,0.042,0.037,0.071,0.004,-0.044,-0.025,0.18,-0.283,0.175,-0.151,-0.122,-0.11,-0.113,-0.202,-0.126,-0.093,1.0,-0.037,-0.083,0.054,0.018,-0.029,-0.01,-0.017,-0.098,-0.129
-0.047,-0.044,0.0,0.062,0.02,0.007,-0.036,-0.021,-0.003,-0.03,0.009,-0.024,0.071,-0.004,-0.023,-0.027,0.03,0.026,0.031,0.045,0.022,-0.004,-0.037,-0.018,-0.031,0.019,-0.035,0.011,0.05,-0.022,0.033,0.016,-0.043,0.026,0.011,-0.03,0.021,0.037,-0.014,-0.054,0.031,0.006,0.056,-0.024,-0.004,0.021,-0.0,0.035,0.035,-0.005,-0.024,-0.025,-0.011,-0.007,0.02,0.011,-0.056,0.023,-0.024,0.036,0.035,-0.011,0.003,0.021,-0.033,-0.006,-0.037,1.0,-0.031,-0.008,0.0,0.029,0.019,-0.009,0.004,0.045
0.001,-0.026,0.019,0.038,0.043,-0.033,-0.053,0.004,0.102,-0.005,0.053,0.014,0.011,-0.009,-0.028,-0.025,0.065,0.055,-0.05,-0.039,0.067,0.101,-0.047,-0.02,-0.03,0.061,-0.015,-0.017,-0.067,0.003,0.018,-0.004,-0.026,0.062,-0.034,0.089,-0.013,0.084,0.0,0.056,0.051,0.005,0.089,0.041,0.027,0.102,0.023,0.032,-0.008,0.072,0.044,-0.052,-0.027,0.059,-0.012,0.185,-0.037,-0.073,-0.012,0.05,0.051,-0.035,0.047,0.051,-0.074,0.074,-0.083,-0.031,1.0,0.051,0.032,0.023,0.011,0.005,-0.02,0.111
0.057,0.008,-0.003,0.181,0.078,0.004,-0.02,-0.013,-0.002,-0.047,-0.016,-0.01,0.009,-0.002,-0.028,0.077,0.065,-0.002,0.005,0.006,0.02,0.062,-0.001,-0.018,0.008,0.012,-0.034,-0.033,-0.001,-0.027,0.02,-0.054,-0.034,0.14,-0.04,0.042,-0.035,0.126,-0.008,0.028,0.018,0.021,0.132,0.081,0.062,0.17,0.068,0.02,0.05,0.022,0.071,-0.015,-0.059,0.084,0.018,0.095,-0.03,-0.014,-0.023,0.021,0.061,-0.025,-0.035,0.02,0.073,0.061,0.054,-0.008,0.051,1.0,0.03,-0.034,-0.06,0.011,-0.067,0.092
-0.006,-0.008,0.009,0.001,0.038,-0.023,-0.042,0.021,-0.002,-0.018,-0.004,0.001,-0.011,0.127,-0.01,-0.041,-0.031,0.069,-0.034,-0.01,0.097,-0.011,-0.016,-0.015,0.004,-0.03,0.01,-0.075,-0.005,0.024,0.008,0.003,-0.046,0.004,-0.008,0.005,-0.024,-0.018,-0.005,0.019,-0.002,0.023,-0.021,0.016,-0.004,-0.002,-0.023,-0.007,-0.014,0.001,0.008,0.062,0.037,0.025,-0.02,0.001,-0.011,-0.028,-0.0,-0.043,-0.027,-0.003,0.005,-0.045,-0.01,-0.019,0.018,0.0,0.032,0.03,1.0,-0.006,0.005,0.016,0.013,-0.021
0.021,-0.014,-0.031,0.01,0.001,0.004,-0.033,-0.012,-0.052,0.019,0.007,0.023,-0.01,0.004,-0.026,0.026,0.071,-0.004,0.012,0.021,0.01,0.035,-0.005,-0.018,0.003,-0.006,-0.025,0.019,-0.002,-0.002,-0.008,-0.018,0.033,-0.016,0.032,-0.015,0.035,0.013,-0.014,-0.002,0.01,-0.009,0.031,0.035,-0.022,0.05,-0.025,0.033,0.056,-0.009,0.047,0.027,-0.038,0.037,0.032,0.046,0.001,-0.0,0.012,0.041,0.028,0.019,0.006,0.017,0.021,0.071,-0.029,0.029,0.023,-0.034,-0.006,1.0,-0.146,-0.047,0.013,0.046
0.001,-0.021,-0.021,0.007,-0.014,-0.025,0.036,0.021,0.023,-0.006,-0.002,0.037,-0.01,-0.021,0.002,-0.018,-0.027,0.044,-0.014,0.036,0.019,-0.029,-0.04,-0.035,0.063,-0.008,-0.036,-0.034,0.009,0.017,0.074,0.055,-0.043,0.014,-0.033,0.032,-0.041,-0.015,0.012,0.009,-0.009,0.035,-0.014,-0.029,-0.029,-0.037,0.067,-0.047,-0.02,-0.01,-0.036,0.032,-0.01,-0.035,-0.016,-0.024,0.008,-0.011,-0.002,-0.039,-0.027,0.04,0.027,0.007,0.022,-0.058,-0.01,0.019,0.011,-0.06,0.005,-0.146,1.0,-0.002,0.004,-0.029
0.02,0.012,0.097,-0.031,0.012,0.014,-0.001,-0.026,-0.127,0.014,0.055,-0.037,-0.002,0.005,-0.04,0.049,-0.06,0.095,-0.052,0.02,-0.033,0.011,0.012,0.02,-0.024,-0.056,0.087,0.009,0.016,0.062,0.027,-0.003,-0.058,0.006,-0.016,-0.03,-0.089,-0.095,0.012,-0.017,-0.004,0.009,-0.118,0.053,0.014,-0.041,0.029,0.002,-0.035,0.032,0.034,-0.01,0.039,-0.041,-0.008,0.014,0.031,-0.042,0.038,-0.068,-0.091,-0.034,-0.019,-0.039,0.058,-0.014,-0.017,-0.009,0.005,0.011,0.016,-0.047,-0.002,1.0,0.184,-0.055
-0.006,-0.025,0.009,0.058,0.034,0.006,-0.038,0.034,-0.09,0.052,-0.043,0.022,0.058,0.045,-0.004,0.023,0.194,0.018,0.201,0.222,0.066,-0.045,0.063,0.069,0.078,0.088,-0.189,0.054,0.14,-0.183,0.019,-0.073,0.014,0.033,0.035,-0.059,0.098,0.111,0.007,-0.17,0.071,0.102,0.076,0.038,-0.071,0.081,0.011,-0.059,0.144,0.072,-0.017,-0.066,-0.134,0.071,0.023,0.106,-0.101,0.198,-0.144,0.185,0.181,0.052,0.016,0.071,0.059,0.062,-0.098,0.004,-0.02,-0.067,0.013,0.013,0.004,0.184,1.0,0.213
-0.022,-0.084,-0.167,0.335,0.264,0.041,-0.256,0.015,-0.014,-0.067,0.051,0.211,0.091,0.008,-0.086,0.18,0.791,-0.078,0.523,0.507,0.222,0.132,0.104,0.104,0.013,0.475,-0.637,0.117,0.382,-0.592,0.067,-0.282,-0.062,0.386,0.037,-0.011,0.214,0.614,-0.099,-0.4,0.251,0.235,0.606,0.319,-0.026,0.709,0.227,-0.017,0.561,0.284,0.168,-0.136,-0.589,0.534,0.115,0.467,-0.34,0.455,-0.487,0.64,0.623,0.112,0.141,0.231,0.324,0.316,-0.129,0.045,0.111,0.092,-0.021,0.046,-0.029,-0.055,0.213,1.0
